{
  "logistic_regression": {
    "model_name": "logistic_regression",
    "accuracy": 0.54375,
    "precision_weighted": 0.8179697297208104,
    "recall_weighted": 0.54375,
    "f1_weighted": 0.6036189537849881,
    "precision_macro": 0.45639635080926083,
    "recall_macro": 0.625,
    "f1_macro": 0.43095319186400777,
    "ordinal_mae": 0.459375,
    "severe_error_rate": 0.003125,
    "within_1_accuracy": 0.996875,
    "confusion_matrix": [
      [
        6,
        5,
        1
      ],
      [
        66,
        129,
        69
      ],
      [
        0,
        5,
        39
      ]
    ],
    "classification_report": {
      "0": {
        "precision": 0.08333333333333333,
        "recall": 0.5,
        "f1-score": 0.14285714285714285,
        "support": 12.0
      },
      "1": {
        "precision": 0.9280575539568345,
        "recall": 0.48863636363636365,
        "f1-score": 0.6401985111662531,
        "support": 264.0
      },
      "2": {
        "precision": 0.3577981651376147,
        "recall": 0.8863636363636364,
        "f1-score": 0.5098039215686274,
        "support": 44.0
      },
      "accuracy": 0.54375,
      "macro avg": {
        "precision": 0.45639635080926083,
        "recall": 0.625,
        "f1-score": 0.43095319186400777,
        "support": 320.0
      },
      "weighted avg": {
        "precision": 0.8179697297208104,
        "recall": 0.54375,
        "f1-score": 0.6036189537849881,
        "support": 320.0
      }
    },
    "roc_auc": 0.7743097708450968,
    "average_precision": 0.8404392199706979
  },
  "random_forest": {
    "model_name": "random_forest",
    "accuracy": 0.865625,
    "precision_weighted": 0.8254866641385412,
    "recall_weighted": 0.865625,
    "f1_weighted": 0.8387753811919995,
    "precision_macro": 0.5392912821809295,
    "recall_macro": 0.476010101010101,
    "f1_macro": 0.4953936666076652,
    "ordinal_mae": 0.134375,
    "severe_error_rate": 0.0,
    "within_1_accuracy": 1.0,
    "confusion_matrix": [
      [
        0,
        12,
        0
      ],
      [
        0,
        257,
        7
      ],
      [
        0,
        24,
        20
      ]
    ],
    "classification_report": {
      "0": {
        "precision": 0.0,
        "recall": 0.0,
        "f1-score": 0.0,
        "support": 12.0
      },
      "1": {
        "precision": 0.8771331058020477,
        "recall": 0.9734848484848485,
        "f1-score": 0.9228007181328546,
        "support": 264.0
      },
      "2": {
        "precision": 0.7407407407407407,
        "recall": 0.45454545454545453,
        "f1-score": 0.5633802816901409,
        "support": 44.0
      },
      "accuracy": 0.865625,
      "macro avg": {
        "precision": 0.5392912821809295,
        "recall": 0.476010101010101,
        "f1-score": 0.4953936666076652,
        "support": 320.0
      },
      "weighted avg": {
        "precision": 0.8254866641385412,
        "recall": 0.865625,
        "f1-score": 0.8387753811919995,
        "support": 320.0
      }
    },
    "roc_auc": 0.8483196066840767,
    "average_precision": 0.8939075815657818
  },
  "gradient_boosting": {
    "model_name": "gradient_boosting",
    "accuracy": 0.859375,
    "precision_weighted": 0.8393442543262687,
    "recall_weighted": 0.859375,
    "f1_weighted": 0.8473141381740614,
    "precision_macro": 0.5904530429710285,
    "recall_macro": 0.5315656565656566,
    "f1_macro": 0.5512500658775651,
    "ordinal_mae": 0.14375,
    "severe_error_rate": 0.003125,
    "within_1_accuracy": 0.996875,
    "confusion_matrix": [
      [
        1,
        11,
        0
      ],
      [
        3,
        249,
        12
      ],
      [
        1,
        18,
        25
      ]
    ],
    "classification_report": {
      "0": {
        "precision": 0.2,
        "recall": 0.08333333333333333,
        "f1-score": 0.11764705882352941,
        "support": 12.0
      },
      "1": {
        "precision": 0.89568345323741,
        "recall": 0.9431818181818182,
        "f1-score": 0.9188191881918819,
        "support": 264.0
      },
      "2": {
        "precision": 0.6756756756756757,
        "recall": 0.5681818181818182,
        "f1-score": 0.6172839506172839,
        "support": 44.0
      },
      "accuracy": 0.859375,
      "macro avg": {
        "precision": 0.5904530429710285,
        "recall": 0.5315656565656566,
        "f1-score": 0.5512500658775651,
        "support": 320.0
      },
      "weighted avg": {
        "precision": 0.8393442543262687,
        "recall": 0.859375,
        "f1-score": 0.8473141381740614,
        "support": 320.0
      }
    },
    "roc_auc": 0.8292661425983436,
    "average_precision": 0.8722187080162449
  },
  "svm": {
    "model_name": "svm",
    "accuracy": 0.45625,
    "precision_weighted": 0.7874076354679803,
    "recall_weighted": 0.45625,
    "f1_weighted": 0.5080263157894737,
    "precision_macro": 0.3715106732348112,
    "recall_macro": 0.4305555555555555,
    "f1_macro": 0.29298245614035084,
    "ordinal_mae": 0.56875,
    "severe_error_rate": 0.025,
    "within_1_accuracy": 0.975,
    "confusion_matrix": [
      [
        0,
        4,
        8
      ],
      [
        1,
        107,
        156
      ],
      [
        0,
        5,
        39
      ]
    ],
    "classification_report": {
      "0": {
        "precision": 0.0,
        "recall": 0.0,
        "f1-score": 0.0,
        "support": 12.0
      },
      "1": {
        "precision": 0.9224137931034483,
        "recall": 0.4053030303030303,
        "f1-score": 0.5631578947368421,
        "support": 264.0
      },
      "2": {
        "precision": 0.1921182266009852,
        "recall": 0.8863636363636364,
        "f1-score": 0.3157894736842105,
        "support": 44.0
      },
      "accuracy": 0.45625,
      "macro avg": {
        "precision": 0.3715106732348112,
        "recall": 0.4305555555555555,
        "f1-score": 0.29298245614035084,
        "support": 320.0
      },
      "weighted avg": {
        "precision": 0.7874076354679803,
        "recall": 0.45625,
        "f1-score": 0.5080263157894737,
        "support": 320.0
      }
    },
    "roc_auc": 0.6679142698334275,
    "average_precision": 0.77575492685699
  },
  "knn": {
    "model_name": "knn",
    "accuracy": 0.803125,
    "precision_weighted": 0.7314999999999999,
    "recall_weighted": 0.803125,
    "f1_weighted": 0.7600897606382979,
    "precision_macro": 0.3788888888888889,
    "recall_macro": 0.3623737373737374,
    "f1_macro": 0.3591903073286052,
    "ordinal_mae": 0.2,
    "severe_error_rate": 0.003125,
    "within_1_accuracy": 0.996875,
    "confusion_matrix": [
      [
        0,
        11,
        1
      ],
      [
        0,
        251,
        13
      ],
      [
        0,
        38,
        6
      ]
    ],
    "classification_report": {
      "0": {
        "precision": 0.0,
        "recall": 0.0,
        "f1-score": 0.0,
        "support": 12.0
      },
      "1": {
        "precision": 0.8366666666666667,
        "recall": 0.9507575757575758,
        "f1-score": 0.8900709219858156,
        "support": 264.0
      },
      "2": {
        "precision": 0.3,
        "recall": 0.13636363636363635,
        "f1-score": 0.1875,
        "support": 44.0
      },
      "accuracy": 0.803125,
      "macro avg": {
        "precision": 0.3788888888888889,
        "recall": 0.3623737373737374,
        "f1-score": 0.3591903073286052,
        "support": 320.0
      },
      "weighted avg": {
        "precision": 0.7314999999999999,
        "recall": 0.803125,
        "f1-score": 0.7600897606382979,
        "support": 320.0
      }
    },
    "roc_auc": 0.5746618700592886,
    "average_precision": 0.7284686548592768
  },
  "naive_bayes": {
    "model_name": "naive_bayes",
    "accuracy": 0.546875,
    "precision_weighted": 0.8246508697459927,
    "recall_weighted": 0.546875,
    "f1_weighted": 0.6062424811958842,
    "precision_macro": 0.44895464567495774,
    "recall_macro": 0.5997474747474748,
    "f1_macro": 0.4202828859912442,