{
  "logistic_regression": {
    "model_name": "logistic_regression",
    "accuracy": 0.59375,
    "precision_weighted": 0.8313634895653281,
    "recall_weighted": 0.59375,
    "f1_weighted": 0.6484759534837883,
    "precision_macro": 0.47461836575025923,
    "recall_macro": 0.6717171717171717,
    "f1_macro": 0.46747610131073225,
    "confusion_matrix": [
      [
        7,
        4,
        1
      ],
      [
        54,
        144,
        66
      ],
      [
        0,
        5,
        39
      ]
    ],
    "classification_report": {
      "0": {
        "precision": 0.11475409836065574,
        "recall": 0.5833333333333334,
        "f1-score": 0.1917808219178082,
        "support": 12.0
      },
      "1": {
        "precision": 0.9411764705882353,
        "recall": 0.5454545454545454,
        "f1-score": 0.6906474820143885,
        "support": 264.0
      },
      "2": {
        "precision": 0.36792452830188677,
        "recall": 0.8863636363636364,
        "f1-score": 0.52,
        "support": 44.0
      },
      "accuracy": 0.59375,
      "macro avg": {
        "precision": 0.47461836575025923,
        "recall": 0.6717171717171717,
        "f1-score": 0.46747610131073225,
        "support": 320.0
      },
      "weighted avg": {
        "precision": 0.8313634895653281,
        "recall": 0.59375,
        "f1-score": 0.6484759534837883,
        "support": 320.0
      }
    },
    "roc_auc": 0.8043628981978166,
    "average_precision": 0.8502721078663648
  },
  "random_forest": {
    "model_name": "random_forest",
    "accuracy": 0.865625,
    "precision_weighted": 0.8254866641385412,
    "recall_weighted": 0.865625,
    "f1_weighted": 0.8387753811919995,
    "precision_macro": 0.5392912821809295,
    "recall_macro": 0.476010101010101,
    "f1_macro": 0.4953936666076652,
    "confusion_matrix": [
      [
        0,
        12,
        0
      ],
      [
        0,
        257,
        7
      ],
      [
        0,
        24,
        20
      ]
    ],
    "classification_report": {
      "0": {
        "precision": 0.0,
        "recall": 0.0,
        "f1-score": 0.0,
        "support": 12.0
      },
      "1": {
        "precision": 0.8771331058020477,
        "recall": 0.9734848484848485,
        "f1-score": 0.9228007181328546,
        "support": 264.0
      },
      "2": {
        "precision": 0.7407407407407407,
        "recall": 0.45454545454545453,
        "f1-score": 0.5633802816901409,
        "support": 44.0
      },
      "accuracy": 0.865625,
      "macro avg": {
        "precision": 0.5392912821809295,
        "recall": 0.476010101010101,
        "f1-score": 0.4953936666076652,
        "support": 320.0
      },
      "weighted avg": {
        "precision": 0.8254866641385412,
        "recall": 0.865625,
        "f1-score": 0.8387753811919995,
        "support": 320.0
      }
    },
    "roc_auc": 0.8483196066840767,
    "average_precision": 0.8939075815657818
  },
  "gradient_boosting": {
    "model_name": "gradient_boosting",
    "accuracy": 0.859375,
    "precision_weighted": 0.8393442543262687,
    "recall_weighted": 0.859375,
    "f1_weighted": 0.8473141381740614,
    "precision_macro": 0.5904530429710285,
    "recall_macro": 0.5315656565656566,
    "f1_macro": 0.5512500658775651,
    "confusion_matrix": [
      [
        1,
        11,
        0
      ],
      [
        3,
        249,
        12
      ],
      [
        1,
        18,
        25
      ]
    ],
    "classification_report": {
      "0": {
        "precision": 0.2,
        "recall": 0.08333333333333333,
        "f1-score": 0.11764705882352941,
        "support": 12.0
      },
      "1": {
        "precision": 0.89568345323741,
        "recall": 0.9431818181818182,
        "f1-score": 0.9188191881918819,
        "support": 264.0
      },
      "2": {
        "precision": 0.6756756756756757,
        "recall": 0.5681818181818182,
        "f1-score": 0.6172839506172839,
        "support": 44.0
      },
      "accuracy": 0.859375,
      "macro avg": {
        "precision": 0.5904530429710285,
        "recall": 0.5315656565656566,
        "f1-score": 0.5512500658775651,
        "support": 320.0
      },
      "weighted avg": {
        "precision": 0.8393442543262687,
        "recall": 0.859375,
        "f1-score": 0.8473141381740614,
        "support": 320.0
      }
    },
    "roc_auc": 0.8292661425983436,
    "average_precision": 0.8722187080162449
  },
  "svm": {
    "model_name": "svm",
    "accuracy": 0.6875,
    "precision_weighted": 0.8377192114108725,
    "recall_weighted": 0.6875,
    "f1_weighted": 0.7297586320233151,
    "precision_macro": 0.49276554681496343,
    "recall_macro": 0.6502525252525252,
    "f1_macro": 0.5113362658759862,
    "confusion_matrix": [
      [
        5,
        5,
        2
      ],
      [
        34,
        177,
        53
      ],
      [
        0,
        6,
        38
      ]
    ],
    "classification_report": {
      "0": {
        "precision": 0.1282051282051282,
        "recall": 0.4166666666666667,
        "f1-score": 0.19607843137254902,
        "support": 12.0
      },
      "1": {
        "precision": 0.9414893617021277,
        "recall": 0.6704545454545454,
        "f1-score": 0.7831858407079646,
        "support": 264.0
      },
      "2": {
        "precision": 0.40860215053763443,
        "recall": 0.8636363636363636,
        "f1-score": 0.5547445255474452,
        "support": 44.0
      },
      "accuracy": 0.6875,
      "macro avg": {
        "precision": 0.49276554681496343,
        "recall": 0.6502525252525252,
        "f1-score": 0.5113362658759862,
        "support": 320.0
      },
      "weighted avg": {
        "precision": 0.8377192114108725,
        "recall": 0.6875,
        "f1-score": 0.7297586320233151,
        "support": 320.0
      }
    },
    "roc_auc": 0.8283077769151138,
    "average_precision": 0.8723109236356994
  },
  "knn": {
    "model_name": "knn",
    "accuracy": 0.834375,
    "precision_weighted": 0.8066605839416059,
    "recall_weighted": 0.834375,
    "f1_weighted": 0.8202602230483272,
    "precision_macro": 0.4774386197743861,
    "recall_macro": 0.4886363636363636,
    "f1_macro": 0.4829334234538695,
    "confusion_matrix": [
      [
        0,
        11,
        1
      ],
      [
        2,
        243,
        19
      ],
      [
        0,
        20,
        24
      ]
    ],
    "classification_report": {
      "0": {
        "precision": 0.0,
        "recall": 0.0,
        "f1-score": 0.0,
        "support": 12.0
      },
      "1": {
        "precision": 0.8868613138686131,
        "recall": 0.9204545454545454,
        "f1-score": 0.9033457249070632,
        "support": 264.0
      },
      "2": {
        "precision": 0.5454545454545454,
        "recall": 0.5454545454545454,
        "f1-score": 0.5454545454545454,
        "support": 44.0
      },
      "accuracy": 0.834375,
      "macro avg": {
        "precision": 0.4774386197743861,
        "recall": 0.4886363636363636,
        "f1-score": 0.4829334234538695,
        "support": 320.0
      },
      "weighted avg": {
        "precision": 0.8066605839416059,
        "recall": 0.834375,
        "f1-score": 0.8202602230483272,
        "support": 320.0
      }
    },
    "roc_auc": 0.7831700398785996,
    "average_precision": 0.831002662335381
  },
  "naive_bayes": {
    "model_name": "naive_bayes",
    "accuracy": 0.546875,
    "precision_weighted": 0.8246508697459927,
    "recall_weighted": 0.546875,
    "f1_weighted": 0.6062424811958842,
    "precision_macro": 0.44895464567495774,
    "recall_macro": 0.5997474747474748,
    "f1_macro": 0.4202828859912442,
    "confusion_matrix": [
      [
        5,
        4,
        3
      ],
      [
        53,
        131,
        80
      ],
      [
        1,
        4,
        39
      ]
    ],
    "classification_report": {
      "0": {
        "precision": 0.0847457627118644,
        "recall": 0.4166666666666667,
        "f1-score": 0.14084507042253522,