{
  "model_name": "ada_boost",
  "accuracy": 0.803125,
  "precision_weighted": 0.8178281578695735,
  "recall_weighted": 0.803125,
  "f1_weighted": 0.8071071077225774,
  "precision_macro": 0.5068926499649392,
  "recall_macro": 0.5467171717171717,
  "f1_macro": 0.5188774115975296,
  "ordinal_mae": 0.196875,
  "severe_error_rate": 0.0,
  "within_1_accuracy": 1.0,
  "confusion_matrix": [
    [
      1,
      11,
      0
    ],
    [
      7,
      225,
      32
    ],
    [
      0,
      13,
      31
    ]
  ],
  "classification_report": {
    "0": {
      "precision": 0.125,
      "recall": 0.08333333333333333,
      "f1-score": 0.1,
      "support": 12.0
    },
    "1": {
      "precision": 0.9036144578313253,
      "recall": 0.8522727272727273,
      "f1-score": 0.8771929824561403,
      "support": 264.0
    },
    "2": {
      "precision": 0.49206349206349204,
      "recall": 0.7045454545454546,
      "f1-score": 0.5794392523364486,
      "support": 44.0
    },
    "accuracy": 0.803125,
    "macro avg": {
      "precision": 0.5068926499649392,
      "recall": 0.5467171717171717,
      "f1-score": 0.5188774115975296,
      "support": 320.0
    },
    "weighted avg": {
      "precision": 0.8178281578695735,
      "recall": 0.803125,
      "f1-score": 0.8071071077225774,
      "support": 320.0
    }
  },
  "roc_auc": 0.6599863027597402,
  "average_precision": 0.8064230266493903
}