{
  "model_name": "decision_tree",
  "accuracy": 0.7875,
  "precision_weighted": 0.7977042728635682,
  "recall_weighted": 0.7875,
  "f1_weighted": 0.7908792240300375,
  "precision_macro": 0.451615101540139,
  "recall_macro": 0.4886363636363636,
  "f1_macro": 0.4666059847536694,
  "ordinal_mae": 0.215625,
  "severe_error_rate": 0.003125,
  "within_1_accuracy": 0.996875,
  "confusion_matrix": [
    [
      0,
      12,
      0
    ],
    [
      8,
      225,
      31
    ],
    [
      1,
      16,
      27
    ]
  ],
  "classification_report": {
    "0": {
      "precision": 0.0,
      "recall": 0.0,
      "f1-score": 0.0,
      "support": 12.0
    },
    "1": {
      "precision": 0.8893280632411067,
      "recall": 0.8522727272727273,
      "f1-score": 0.8704061895551257,
      "support": 264.0
    },
    "2": {
      "precision": 0.46551724137931033,
      "recall": 0.6136363636363636,
      "f1-score": 0.5294117647058824,
      "support": 44.0
    },
    "accuracy": 0.7875,
    "macro avg": {
      "precision": 0.451615101540139,
      "recall": 0.4886363636363636,
      "f1-score": 0.4666059847536694,
      "support": 320.0
    },
    "weighted avg": {
      "precision": 0.7977042728635682,
      "recall": 0.7875,
      "f1-score": 0.7908792240300375,
      "support": 320.0
    }
  },
  "roc_auc": 0.6792301900997553,
  "average_precision": 0.7738446242077824
}