{
  "model_name": "gradient_boosting",
  "accuracy": 0.859375,
  "precision_weighted": 0.8393442543262687,
  "recall_weighted": 0.859375,
  "f1_weighted": 0.8473141381740614,
  "precision_macro": 0.5904530429710285,
  "recall_macro": 0.5315656565656566,
  "f1_macro": 0.5512500658775651,
  "ordinal_mae": 0.14375,
  "severe_error_rate": 0.003125,
  "within_1_accuracy": 0.996875,
  "confusion_matrix": [
    [
      1,
      11,
      0
    ],
    [
      3,
      249,
      12
    ],
    [
      1,
      18,
      25
    ]
  ],
  "classification_report": {
    "0": {
      "precision": 0.2,
      "recall": 0.08333333333333333,
      "f1-score": 0.11764705882352941,
      "support": 12.0
    },
    "1": {
      "precision": 0.89568345323741,
      "recall": 0.9431818181818182,
      "f1-score": 0.9188191881918819,
      "support": 264.0
    },
    "2": {
      "precision": 0.6756756756756757,
      "recall": 0.5681818181818182,
      "f1-score": 0.6172839506172839,
      "support": 44.0
    },
    "accuracy": 0.859375,
    "macro avg": {
      "precision": 0.5904530429710285,
      "recall": 0.5315656565656566,
      "f1-score": 0.5512500658775651,
      "support": 320.0
    },
    "weighted avg": {
      "precision": 0.8393442543262687,
      "recall": 0.859375,
      "f1-score": 0.8473141381740614,
      "support": 320.0
    }
  },
  "roc_auc": 0.8292661425983436,
  "average_precision": 0.8722187080162449
}