{
  "model_name": "knn",
  "accuracy": 0.834375,
  "precision_weighted": 0.8066605839416059,
  "recall_weighted": 0.834375,
  "f1_weighted": 0.8202602230483272,
  "precision_macro": 0.4774386197743861,
  "recall_macro": 0.4886363636363636,
  "f1_macro": 0.4829334234538695,
  "confusion_matrix": [
    [
      0,
      11,
      1
    ],
    [
      2,
      243,
      19
    ],
    [
      0,
      20,
      24
    ]
  ],
  "classification_report": {
    "0": {
      "precision": 0.0,
      "recall": 0.0,
      "f1-score": 0.0,
      "support": 12.0
    },
    "1": {
      "precision": 0.8868613138686131,
      "recall": 0.9204545454545454,
      "f1-score": 0.9033457249070632,
      "support": 264.0
    },
    "2": {
      "precision": 0.5454545454545454,
      "recall": 0.5454545454545454,
      "f1-score": 0.5454545454545454,
      "support": 44.0
    },
    "accuracy": 0.834375,
    "macro avg": {
      "precision": 0.4774386197743861,
      "recall": 0.4886363636363636,
      "f1-score": 0.4829334234538695,
      "support": 320.0
    },
    "weighted avg": {
      "precision": 0.8066605839416059,
      "recall": 0.834375,
      "f1-score": 0.8202602230483272,
      "support": 320.0
    }
  },
  "roc_auc": 0.7831700398785996,
  "average_precision": 0.831002662335381
}