{
  "model_name": "logistic_regression",
  "accuracy": 0.59375,
  "precision_weighted": 0.8313634895653281,
  "recall_weighted": 0.59375,
  "f1_weighted": 0.6484759534837883,
  "precision_macro": 0.47461836575025923,
  "recall_macro": 0.6717171717171717,
  "f1_macro": 0.46747610131073225,
  "confusion_matrix": [
    [
      7,
      4,
      1
    ],
    [
      54,
      144,
      66
    ],
    [
      0,
      5,
      39
    ]
  ],
  "classification_report": {
    "0": {
      "precision": 0.11475409836065574,
      "recall": 0.5833333333333334,
      "f1-score": 0.1917808219178082,
      "support": 12.0
    },
    "1": {
      "precision": 0.9411764705882353,
      "recall": 0.5454545454545454,
      "f1-score": 0.6906474820143885,
      "support": 264.0
    },
    "2": {
      "precision": 0.36792452830188677,
      "recall": 0.8863636363636364,
      "f1-score": 0.52,
      "support": 44.0
    },
    "accuracy": 0.59375,
    "macro avg": {
      "precision": 0.47461836575025923,
      "recall": 0.6717171717171717,
      "f1-score": 0.46747610131073225,
      "support": 320.0
    },
    "weighted avg": {
      "precision": 0.8313634895653281,
      "recall": 0.59375,
      "f1-score": 0.6484759534837883,
      "support": 320.0
    }
  },
  "roc_auc": 0.8043628981978166,
  "average_precision": 0.8502721078663648
}