{
  "model_name": "logistic_regression",
  "accuracy": 0.54375,
  "precision_weighted": 0.8179697297208104,
  "recall_weighted": 0.54375,
  "f1_weighted": 0.6036189537849881,
  "precision_macro": 0.45639635080926083,
  "recall_macro": 0.625,
  "f1_macro": 0.43095319186400777,
  "ordinal_mae": 0.459375,
  "severe_error_rate": 0.003125,
  "within_1_accuracy": 0.996875,
  "confusion_matrix": [
    [
      6,
      5,
      1
    ],
    [
      66,
      129,
      69
    ],
    [
      0,
      5,
      39
    ]
  ],
  "classification_report": {
    "0": {
      "precision": 0.08333333333333333,
      "recall": 0.5,
      "f1-score": 0.14285714285714285,
      "support": 12.0
    },
    "1": {
      "precision": 0.9280575539568345,
      "recall": 0.48863636363636365,
      "f1-score": 0.6401985111662531,
      "support": 264.0
    },
    "2": {
      "precision": 0.3577981651376147,
      "recall": 0.8863636363636364,
      "f1-score": 0.5098039215686274,
      "support": 44.0
    },
    "accuracy": 0.54375,
    "macro avg": {
      "precision": 0.45639635080926083,
      "recall": 0.625,
      "f1-score": 0.43095319186400777,
      "support": 320.0
    },
    "weighted avg": {
      "precision": 0.8179697297208104,
      "recall": 0.54375,
      "f1-score": 0.6036189537849881,
      "support": 320.0
    }
  },
  "roc_auc": 0.7743097708450968,
  "average_precision": 0.8404392199706979
}