{
  "model_name": "random_forest",
  "accuracy": 0.865625,
  "precision_weighted": 0.8254866641385412,
  "recall_weighted": 0.865625,
  "f1_weighted": 0.8387753811919995,
  "precision_macro": 0.5392912821809295,
  "recall_macro": 0.476010101010101,
  "f1_macro": 0.4953936666076652,
  "ordinal_mae": 0.134375,
  "severe_error_rate": 0.0,
  "within_1_accuracy": 1.0,
  "confusion_matrix": [
    [
      0,
      12,
      0
    ],
    [
      0,
      257,
      7
    ],
    [
      0,
      24,
      20
    ]
  ],
  "classification_report": {
    "0": {
      "precision": 0.0,
      "recall": 0.0,
      "f1-score": 0.0,
      "support": 12.0
    },
    "1": {
      "precision": 0.8771331058020477,
      "recall": 0.9734848484848485,
      "f1-score": 0.9228007181328546,
      "support": 264.0
    },
    "2": {
      "precision": 0.7407407407407407,
      "recall": 0.45454545454545453,
      "f1-score": 0.5633802816901409,
      "support": 44.0
    },
    "accuracy": 0.865625,
    "macro avg": {
      "precision": 0.5392912821809295,
      "recall": 0.476010101010101,
      "f1-score": 0.4953936666076652,
      "support": 320.0
    },
    "weighted avg": {
      "precision": 0.8254866641385412,
      "recall": 0.865625,
      "f1-score": 0.8387753811919995,
      "support": 320.0
    }
  },
  "roc_auc": 0.8483196066840767,
  "average_precision": 0.8939075815657818
}