{
  "model_name": "ridge",
  "accuracy": 0.8375,
  "precision_weighted": 0.7936411149825784,
  "recall_weighted": 0.8375,
  "f1_weighted": 0.8129245527612132,
  "precision_macro": 0.4721782282757892,
  "recall_macro": 0.45202020202020204,
  "f1_macro": 0.45832449462213526,
  "ordinal_mae": 0.165625,
  "severe_error_rate": 0.003125,
  "within_1_accuracy": 0.996875,
  "confusion_matrix": [
    [
      0,
      11,
      1
    ],
    [
      0,
      250,
      14
    ],
    [
      0,
      26,
      18
    ]
  ],
  "classification_report": {
    "0": {
      "precision": 0.0,
      "recall": 0.0,
      "f1-score": 0.0,
      "support": 12.0
    },
    "1": {
      "precision": 0.8710801393728222,
      "recall": 0.946969696969697,
      "f1-score": 0.9074410163339383,
      "support": 264.0
    },
    "2": {
      "precision": 0.5454545454545454,
      "recall": 0.4090909090909091,
      "f1-score": 0.4675324675324675,
      "support": 44.0
    },
    "accuracy": 0.8375,
    "macro avg": {
      "precision": 0.4721782282757892,
      "recall": 0.45202020202020204,
      "f1-score": 0.45832449462213526,
      "support": 320.0
    },
    "weighted avg": {
      "precision": 0.7936411149825784,
      "recall": 0.8375,
      "f1-score": 0.8129245527612132,
      "support": 320.0
    }
  }
}