{
  "model_name": "ridge",
  "accuracy": 0.84375,
  "precision_weighted": 0.7978714895129755,
  "recall_weighted": 0.84375,
  "f1_weighted": 0.8162032580525731,
  "precision_macro": 0.4852075680372872,
  "recall_macro": 0.44823232323232326,
  "f1_macro": 0.45915504545641533,
  "confusion_matrix": [
    [
      0,
      11,
      1
    ],
    [
      0,
      253,
      11
    ],
    [
      0,
      27,
      17
    ]
  ],
  "classification_report": {
    "0": {
      "precision": 0.0,
      "recall": 0.0,
      "f1-score": 0.0,
      "support": 12.0
    },
    "1": {
      "precision": 0.8694158075601375,
      "recall": 0.9583333333333334,
      "f1-score": 0.9117117117117117,
      "support": 264.0
    },
    "2": {
      "precision": 0.5862068965517241,
      "recall": 0.38636363636363635,
      "f1-score": 0.4657534246575342,
      "support": 44.0
    },
    "accuracy": 0.84375,
    "macro avg": {
      "precision": 0.4852075680372872,
      "recall": 0.44823232323232326,
      "f1-score": 0.45915504545641533,
      "support": 320.0
    },
    "weighted avg": {
      "precision": 0.7978714895129755,
      "recall": 0.84375,
      "f1-score": 0.8162032580525731,
      "support": 320.0
    }
  }
}