{
  "model_name": "svm",
  "accuracy": 0.6875,
  "precision_weighted": 0.8377192114108725,
  "recall_weighted": 0.6875,
  "f1_weighted": 0.7297586320233151,
  "precision_macro": 0.49276554681496343,
  "recall_macro": 0.6502525252525252,
  "f1_macro": 0.5113362658759862,
  "confusion_matrix": [
    [
      5,
      5,
      2
    ],
    [
      34,
      177,
      53
    ],
    [
      0,
      6,
      38
    ]
  ],
  "classification_report": {
    "0": {
      "precision": 0.1282051282051282,
      "recall": 0.4166666666666667,
      "f1-score": 0.19607843137254902,
      "support": 12.0
    },
    "1": {
      "precision": 0.9414893617021277,
      "recall": 0.6704545454545454,
      "f1-score": 0.7831858407079646,
      "support": 264.0
    },
    "2": {
      "precision": 0.40860215053763443,
      "recall": 0.8636363636363636,
      "f1-score": 0.5547445255474452,
      "support": 44.0
    },
    "accuracy": 0.6875,
    "macro avg": {
      "precision": 0.49276554681496343,
      "recall": 0.6502525252525252,
      "f1-score": 0.5113362658759862,
      "support": 320.0
    },
    "weighted avg": {
      "precision": 0.8377192114108725,
      "recall": 0.6875,
      "f1-score": 0.7297586320233151,
      "support": 320.0
    }
  },
  "roc_auc": 0.8283077769151138,
  "average_precision": 0.8723109236356994
}